Name,English,Hindi,Maths,Science,SST,Percentage
Aditya,100.0,100.0,100.0,100.0,100.0,100.0
Manas,20.0,30.0,60.0,80.0,90.0,56.00000000000001
Diya,80.0,50.0,90.0,30.0,40.0,57.99999999999999
